岗位名称,分类,薪资,公司地址,工作经验,学历要求,公司名称,岗位描述
大数据开发工程师,计算机软件,24-36万,上海,5-7年,本科,丰盛信息科技（上海）有限公司,"spark,大数据,数据分析,python,五险一金,定期体检"
架构工程师岗（大数据平台方向）（J10072）,计算机软件,24-36万,广州,5-7年,本科,南方电网数字平台科技（广东）有限公司,"大数据平台,大数据,架构规划,数据分析,五险一金,员工旅游,通讯补贴"
大数据分析开发工程师,计算机软件,21.6-24万,深圳,5-7年,本科,神州数码信息服务股份有限公司,"hive,银保监,hql,hadoop,数据分析,计算机,大数据,五险一金"
大数据研发工程师,通信/电信/网络设备,13-19.5万,成都,3-4年,大专,四川九强通信科技有限公司,"hadoop,数据库,数据分析,五险一金,年终奖金,补充医疗保险,定期体检"
大数据工程师,建筑/建材/工程,9.6-19.2万,广州,2年,本科,广东金合成建材实业有限公司,"java,大数据,开源框架,大数据系统,专业培训,带薪年假,弹性工作"
大数据建模/开发工程师（成都）,计算机软件,10.4-15.6万,成都,1年,本科,深圳天源迪科信息技术股份有限公司成都办事处,"数据模型,数据分析,五险一金,年终奖金,定期体检,年底双薪,周末双休"
大数据开发工程师,计算机软件,12-18万,上海,2年,本科,上海爱信诺航天信息有限公司,"数据,hadoop,spark,补充医疗保险,补充公积金,交通补贴,餐饮补贴"
云高级大数据工程师,计算机服务(系统、数据服务、维修),23.4-33.8万,上海,5-7年,本科,上海恒驰信息系统有限公司,"五险一金,交通补贴,餐饮补贴,通讯补贴,专业培训,年终奖金,定期体检"
大数据工程师,服装/纺织/皮革,19.5-32.5万,广州,3-4年,本科,长胜纺织科技发展（上海）有限公司,"五险一金,绩效奖金,专业培训,餐饮补贴,节日福利"
大数据工程师,机械/设备/重工,360-480万,上海,5-7年,本科,上海电气自动化集团,"五险一金,餐饮补贴,通讯补贴"
大数据工程师,计算机软件,18-24万,上海,3-4年,大专,苏州维莱科软件有限公司,"spark,java,五险一金,餐饮补贴,绩效奖金,年终奖金,员工旅游"
大数据开发工程师,网络游戏,16.8-33.6万,广州,无需经验,硕士,广州多益网络股份有限公司,"大数据,互联网百强"
大数据平台架构师,通信/电信/网络设备,18-30万,广州,5-7年,本科,广州广哈通信股份有限公司,"c++,Linux,五险一金,专业培训,年终奖金,弹性工作,定期体检"
大数据开发工程师,计算机软件,19.5-26万,广州,5-7年,本科,亚信科技（中国）有限公司,"hadoop,hive,spark,hbase,五险一金,补充医疗保险,通讯补贴,绩效奖金"
大数据开发工程师,计算机软件,14.4-21.6万,上海,2年,本科,苏州维莱科软件有限公司,"大数据,大数据开发,五险一金,年终奖金"
大数据开发工程师,餐饮业,14.4-19.2万,上海,3-4年,大专,快乐蜂（中国）餐饮管理有限公司,"java,Flink,spark,kafka,Doris,Hadoop,Python,linux,五险一金"
大数据开发工程师,通信/电信/网络设备,12-18万,成都,3-4年,本科,四川九强通信科技有限公司,"大数据,hadoop,spark,java,开发,熟悉底层架构,五险一金,绩效奖金"
大数据算法工程师,仪器仪表/工业自动化,16.8-33.6万,杭州,3-4年,大专,浙江威星智能仪表股份有限公司,"大数据,算法,深度学习,大数据分析,五险一金,餐饮补贴,定期体检"
大数据开发工程师,计算机软件,24-30万,上海,5-7年,大专,苏州维莱科软件有限公司,"五险一金,年终奖金,弹性工作"
大数据开发工程师,计算机服务(系统、数据服务、维修),9.6-19.2万,广州,2年,本科,广州云杉信息科技有限公司,"大数据,数据库,数据分析,周末双休,五险一金,绩效奖金,专业培训"
大数据ETL工程师,电子技术/半导体/集成电路,24-48万,北京,3-4年,硕士,中国兵器工业计算机应用技术研究所,"五险一金,带薪年假,餐补,定期体检"
大数据开发工程师,计算机软件,12-15.6万,广州,2年,本科,广东嘉盛达科技有限公司,"hive,spark,数据库,hadoop,年休假,法定假期,五险保险,双休"
大数据开发工程师,计算机软件,18-30万,武汉,3-4年,本科,湖北普罗格科技股份有限公司,"大数据,spark,数据分析,五险一金,员工旅游,餐饮补贴,通讯补贴"
大数据开发工程师,汽车,84-10.8万,秦皇岛,3-4年,本科,中信戴卡股份有限公司,"五险一金,补充医疗保险,专业培训,定期体检,免费班车,企业年金"
大数据开发工程师,通信/电信运营、增值服务,12-14.4万,北京,2年,本科,移动设计院监理公司,"Hadoop,Hbase,HDFS,Hive,Yarn,Zookeeper,Kafka,Redis"
大数据开发工程师,计算机软件,12-15.6万,广州,2年,本科,广东嘉盛达科技有限公司,"年休假,法定假期,五险保险,双休,定期体检"
大数据开发,计算机软件,7.2-12万,无锡,2年,本科,上海比孚信息科技有限公司,"oracle,db2,sqlserver,数据库,数据仓库,bi报表,员工旅游,团建活动"
大数据开发工程师,计算机软件,10.4-19.5万,福州,3-4年,本科,福建星汉信息科技有限公司,"大数据开发,大数据,开发,五险一金,年终奖金,周末双休"
大数据开发工程师,房地产,9.6-12万,广州,1年,本科,广州市合易置业有限公司,"补充医疗保险,专业培训,绩效奖金"
大数据建模工程师,计算机软件,10.4-20.8万,拉萨,3-4年,本科,深圳天源迪科信息技术股份有限公司成都办事处,"五险一金,年终奖金,定期体检,年底双薪,周末双休,过节费,生日礼金"
大数据运维工程师,电子技术/半导体/集成电路,12-18万,深圳,3-4年,本科,深圳市星火电子工程公司,"计算机,运维,大数据,周末双休,带薪年假,五险一金,绩效奖金,餐饮补贴"
大数据开发实习生,互联网/电子商务,72-9.6万,广州,1年,本科,广州雪福科技信息有限公司,"大数据,Bi,java,python,五险一金,年终奖金,员工旅游,定期体检"
大数据开发工程师,汽车,72-10.8万,柳州,3-4年,本科,柳州沪信汽车科技有限公司,"五险一金,年终奖金,定期体检,专业培训,每周双休,节日福利品,法定节假日"
大数据分析工程师,计算机软件,13-20.8万,南京,3-4年,本科,三星电子（中国）研发中心,"数据分析,项目管理,数据清洗,分布式计算,弹性工作,餐饮补贴"
大数据模型算法工程师,计算机软件,12-24万,上海,2年,本科,上海经达信息科技股份有限公司,"大数据算法,大数据建模,数据挖掘,机器学习,五险一金,餐饮补贴,周末双休"
大数据架构师,汽车,24-36万,重庆,5-7年,本科,重庆天人汽车车身制造有限公司,"java,数据中台,数据建模,flink,五险一金,工作餐,节日福利,周末双休"
大数据分析工程师,政府/公共事业,18-30万,上海,5-7年,硕士,上海市联合征信有限公司,"五险一金,补充医疗保险,补充公积金,交通补贴,通讯补贴,餐饮补贴,绩效奖金"
大数据分析工程师,计算机软件,13-26万,上海,1年,本科,利宏科技（上海）有限公司,"sql,数据库,hadoop,hive,MySQL,五险一金,年终奖金,定期体检"
大数据开发工程师（无需经验）,计算机软件,6-12万,武汉,无需经验,本科,武汉大工尹科技发展有限公司,"hadoop,数据库,数据分析,spark,hive,sql,python,java,BI"
大数据开发架构师,多元化业务集团公司,52-71.5万,上海,5-7年,本科,上海倍通医药科技咨询有限公司,五险一金
大数据治理,制药/生物工程,13-18.2万,成都,2年,本科,海思科医药集团股份有限公司,"sql,数据标准,数据库,主数据维护,MDM,制造业,五险一金,年终奖金"
大数据分析,多元化业务集团公司,56-8.4万,重庆,3-4年,本科,重庆华侨城实业发展有限公司欢乐谷旅游分公司,"数据分析,五险一金,绩效奖金,年终奖金,餐饮补贴,定期体检,提供食宿"
大数据技术人员,建筑/建材/工程,7.2-14.4万,广州,2年,大专,广东金合成建材实业有限公司,"大数据平台,大数据框架,大数据技术,专业培训,带薪年假,弹性工作,节日福利"
高级大数据开发工程师（Spark）,计算机软件,21-28万,上海,8-9年,硕士,每锐软件（上海）有限公司,"大数据开发,spark,scala,补充公积金,定期体检,弹性工作,餐饮补贴"
大数据开发,计算机服务(系统、数据服务、维修),9.6-12万,广州,3-4年,本科,广州四必得科技有限公司,
大数据开发工程师,计算机软件,28-44.8万,广州,5-7年,本科,重庆新科佳都科技有限公司,"五险一金,餐饮补贴,通讯补贴"
大数据分析师,计算机软件,9.6-12万,深圳,3-4年,本科,深圳市同创联科信息工程有限公司,"五险一金,专业培训,年终奖金"
大数据架构师,互联网/电子商务,36-54万,深圳,5-7年,本科,深圳鼎然信息科技有限公司,"车险,数据建模,数据模型,数据结构,新能源汽车,大数据架构,数据算法"
大数据运维工程师,互联网/电子商务,8.4-12万,西安,3-4年,大专,陕西玖耀启铭科技有限公司,"计算机,sql,hbase,flink,五险一金,补充医疗保险,补充公积金,专业培训"
大数据开发主管,计算机软件,14.4-18万,武汉,5-7年,本科,上海澳马信息技术服务有限公司,"大数据开发,餐饮补贴,绩效奖金,定期体检,五险一金,年终奖金"
大数据开发工程师,批发/零售,30-42万,上海,3-4年,硕士,洽洽快乐有限公司,"架构设计,五险一金,补充医疗保险,补充公积金"
大数据产品经理,金融/投资/证券,7.2-14.4万,杭州,无需经验,本科,银联商务股份有限公司浙江分公司,"大数据,产品,五险一金,周末双休,年终奖金,餐饮补贴,定期体检"
大数据讲师,教育/培训/院校,9.6-19.2万,沈阳,2年,本科,山东中航控股集团有限公司,
证券大数据分析,计算机软件,15-30万,南京,无需经验,硕士,江苏斑驹科技有限公司,"量化,数据分析,算法,数据建模,大数据,Matlab,金融,证券,股票"
Java架构师（有大数据经验）,计算机软件,25.2-30万,深圳,5-7年,本科,神州数码信息服务股份有限公司,"高并发,架构师,java,计算机,SQL,微服务,mysql,linux,hadoop"
2023/005/01-研究科学家（政企大数据实验室）,学术/科研,48-84万,深圳,2年,博士,深圳市大数据研究院,"五险一金,定期体检,免费班车"
大数据运维工程师,计算机软件,12-18万,上海,3-4年,大专,苏州维莱科软件有限公司,"运维工程师,五险一金,绩效奖金,年终奖金,弹性工作"
大数据实习生/五险一金,计算机软件,72-10.8万,广州,无需经验,本科,广州博锐信息技术有限公司,"数据库,python,BI,五险一金,员工旅游,专业培训,交通补贴,餐饮补贴"
大数据项目经理,计算机软件,18-24万,南京,3-4年,本科,中兴飞流信息科技有限公司,"大数据,技术方案,方案设计,项目经理,hadoop,五险一金,免费班车"
产品经理（金融或财务大数据分析方向）,计算机软件,71.5-14.3万,金华,无需经验,本科,浙江思睿智训科技有限公司,"产品经理,产品,运维,数据分析,统计,培训,五险一金,员工旅游"
2023/009/01-WiFi开发工程师（信息系统大数据实验室）,学术/科研,14.4-28.8万,深圳,1年,硕士,深圳市大数据研究院,"五险一金,定期体检,免费班车"
大数据测试工程师（征信公司）,金融/投资/证券,15-24万,南昌,3-4年,本科,江西联合股权交易中心股份有限公司,"java,shell,测试,五险一金,补充医疗保险,通讯补贴,交通补贴,定期体检"
Java开发（大数据方向）,计算机软件,13-19.5万,广州,3-4年,本科,广东众天信息科技有限公司,"大数据,数据可视化,数据中台,springcloud,交通补贴,弹性工作,年终奖金"
MI工业大数据应用顾问,计算机软件,15.6-30万,武汉,5-7年,本科,广州赛意信息科技股份有限公司,"生产管理,供应链,可视化大屏,数据治理,数字化转型,数字孪生,集控中心"
2023/008/01-能源方向科学家（信息系统大数据实验室）,学术/科研,48-84万,深圳,1年,博士,深圳市大数据研究院,"五险一金,定期体检,免费班车"
大数据研发工程师,石油/化工/矿产/地质,18-22.8万,上海,3-4年,硕士,上海达坦能源科技股份有限公司,"五险一金,餐饮补贴,年终奖金,定期体检"
大数据研发工程师-数据平台,互联网/电子商务,42-84万,上海,3-4年,本科,字节跳动,"五险一金,免费三餐,弹性工作,团队氛围好,下午茶"
大数据工程师,农/林/牧/渔,9.6-12万,宁德,1年,本科,宁德卫星大数据科技有限公司,"大数据,大数据开发,数据挖掘,开发,数据分析,五险一金,绩效奖金,过节费"
2023/010/01-5G NR工程师（信息系统大数据实验室）,学术/科研,14.4-28.8万,深圳,1年,硕士,深圳市大数据研究院,"五险一金,定期体检,免费班车"
高级Java工程师（大数据，数据挖掘）（TJ0010）,计算机软件,18-36万,苏州,5-7年,本科,万得深圳公司（创真科技）,"周末双休,弹性工作,带薪年假,五险一金,节日福利,餐饮补贴,加班补贴"
企业大数据产品（套期保值）销售顾问,金融/投资/证券,24-48万,杭州,5-7年,大专,杭州迈拓大数据服务有限公司,"渠道开发,客户关系维护,售后支持,年终奖金,弹性工作,五险一金"
BK61SW-资产评估岗（大数据建模估值）,银行,nan-nan万,深圳,3-4年,硕士,平安银行股份有限公司,"资产评估,数据建模,资产估值,五险一金,带薪年假,节日福利,绩效奖金"
2022/017/01-研究科学家（社会行为大数据实验室）,学术/科研,48-84万,深圳,1年,博士,深圳市大数据研究院,"五险一金,定期体检,免费班车"
大数据算法工程师,通信/电信/网络设备,28-42万,广州,5-7年,本科,杰创智能科技股份有限公司,"周末双休,免费班车,节日福利,专业培训,餐饮补贴,五险一金,定期体检"
大数据研发高级工程师 — 实验评估方向,互联网/电子商务,36-48万,南京,5-7年,本科,字节跳动,"六险一金,免费三餐,弹性工作,租房补贴"
(大数据)开发工程师,计算机软件,14-25.2万,宁波,3-4年,本科,宁波金唐软件有限公司,"五险一金,员工旅游,专业培训,绩效奖金,年终奖金,定期体检,节日补贴"
大数据工程师,专业服务(咨询、人力资源、财会),180-300万,苏州,1年,硕士,悉地（苏州）勘察设计顾问有限公司,"做五休二,周末双休,五险一金,节日福利,专业培训,环境好,年终奖"
大数据工程师,通信/电信/网络设备,24-36万,苏州,2年,硕士,苏州恩巨网络有限公司,"架构,大数据,hadoop,五险一金,绩效奖金,员工旅游,餐饮补贴,年终奖金"
大数据研发工程师,互联网/电子商务,24-48万,深圳,无需经验,本科,字节跳动,"下午茶,健身瑜伽,六险一金,五险一金,股票期权,团队氛围好,晋升空间大"
大数据工程师（研）,通信/电信运营、增值服务,19.2-24万,武汉,10年以上,硕士,武汉三江航天网络通信有限公司,"hadoop,hive,ES,HBase,spark,flink,大数据,大数据平台,数据中台"
资深大数据工程师,电气/电力/水利,20.8-37.7万,南京,3-4年,本科,江苏智臻能源科技有限公司,"五险一金,弹性工作,年终奖金,周末双休,节日福利,定期体检,专业培训"
资深大数据工程师,电子技术/半导体/集成电路,22.5-37.5万,上海,5-7年,本科,上海集成电路装备材料产业创新中心有限公司,"编程语言,大数据平台,数据仓库建模,生产制造行业,hadoop,五险一金"
大数据研发工程师,互联网/电子商务,36-60万,北京,无需经验,本科,字节跳动,"免费三餐,租房补贴"
大数据工程师,文字媒体/出版,24-48万,北京,2年,本科,曼迪匹艾（北京）科技服务有限公司,"spark,shell,编程语言,项目开发,英语,mysql,数据分析,数据管理"
大数据算法工程师,学术/科研,240-480万,杭州,3-4年,硕士,浙江大学高端装备研究院,"java,数据分析,数据采集,hadoop,spark,物联网,数据挖掘,智能制造"
大数据研发工程师,新能源,12-24万,上海,3-4年,本科,宝武碳业科技股份有限公司,"hadoop,数据库,数据分析,五险一金,补充公积金,通讯补贴,餐饮补贴"
大数据研发工程师,互联网/电子商务,42-84万,北京,3-4年,本科,字节跳动,"免费三餐,租房补贴,餐补,弹性工作,六险一金,健身瑜伽,带薪休假"
大数据研发工程师-2143,计算机软件,18-21.6万,株洲,5-7年,本科,瞬联软件科技（北京）有限公司 CIeNET Technologies,"补充医疗保险,定期体检,七险一金,带薪年假,带薪病假,免费健身"
高级大数据工程师,计算机软件,36-48万,广州,3-4年,本科,广州安永八达创意科技有限公司,"大数据,五险一金,年终奖金,定期体检,周末双休,补充医疗保险,商业保险"
大数据开发工程师,农/林/牧/渔,9.6-12万,宁德,1年,本科,宁德卫星大数据科技有限公司,"大数据,大数据开发,数据挖掘,开发,数据分析,五险一金,绩效奖金,过节费"
大数据算法工程师,计算机软件,18-24万,广州,2年,大专,北京神州泰岳软件股份有限公司,"sql,hive,spark,模型搭建,数据建模,五险一金,大平台,专业培训"
大数据开发工程师,互联网/电子商务,26-32.5万,上海,5-7年,本科,上海易班企业发展有限公司,"大数据,技术难题攻关,开发优化,算法调优,五险一金,餐饮补贴,交通补贴"
大数据工程师,机械/设备/重工,9.6-18万,杭州,2年,本科,杭州和泰机电股份有限公司,"数据库,数据分析,五险一金,周末双休,带薪年假,节日福利,餐饮补贴"
大数据工程师,计算机软件,240-360万,南京,1年,本科,南京洲源信息科技有限公司,"大数据,五险一金,弹性工作,股票期权,年终奖金,绩效奖金"
大数据工程师,专业服务(咨询、人力资源、财会),12-18万,大连,5-7年,大专,大连文鑫企业服务有限公司,"hadoop,数据库,hive,周末双休,员工旅游,节日福利,五险一金"
大数据开发工程师,计算机软件,8.4-13.2万,深圳,无需经验,本科,贵州开阔科技有限公司,"python,sql,五险一金,年终奖金,定期体检"
大数据工程师,互联网/电子商务,13.2-21.6万,南京,2年,本科,江苏省未来网络创新研究院,"大数据,存储,五险一金,交通补贴,餐饮补贴,通讯补贴,年终奖金,弹性工作"
大数据开发工程师,电子技术/半导体/集成电路,14.4-28.8万,成都,3-4年,本科,疆域康健创新医疗科技成都有限公司,"python,Linux,hadoop,数据分析,数据库,五险一金,专业培训,绩效奖金"
大数据工程师,计算机软件,9.6-16.8万,重庆,3-4年,本科,中讯志远（武汉）科技有限公司,"python,kafka,hadoop,银行,flink,年终奖金,五险一金"
大数据开发工程师,计算机软件,19.5-32.5万,广州,2年,本科,神州数码信息服务股份有限公司,"五险一金,员工旅游,交通补贴,餐饮补贴,专业培训,绩效奖金,年终奖金"
大数据开发工程师(校招岗位）,电子技术/半导体/集成电路,240-384万,长沙,2年,本科,杭州广立微电子股份有限公司,"大数据,大数据开发,开发,五险一金,员工旅游,餐饮补贴,通讯补贴"
大数据工程师,机械/设备/重工,14.4-18万,徐州,3-4年,本科,徐州徐工农业装备科技有限公司,"数据库,etl,建模,数据仓库,数据建模,大数据,数据管理,数据敏感"
大数据研发专家-风控数据BP方向,互联网/电子商务,30-60万,北京,3-4年,本科,字节跳动,"下午茶,健身瑜伽,五险一金,股票期权,团队氛围好,晋升空间大,带薪休假"
中高级大数据开发工程师-7976,计算机软件,8.4-14.4万,重庆,3-4年,大专,瞬联软件科技（北京）有限公司 CIeNET Technologies,"补充医疗保险,定期体检,七险一金,带薪年假,带薪病假,免费健身"
高级大数据开发工程师,快速消费品(食品、饮料、化妆品),30-48万,广东省,8-9年,硕士,佛山市海天调味食品股份有限公司,"大数据开发,五险一金,免费班车,年终奖金,提供食宿,定期体检,员工旅游"
模型开发（大数据开发）,计算机软件,18-24万,深圳,3-4年,本科,深圳市睿服科技有限公司,"金融,hadoop,hive,建模,五险一金,周末双休,不补班"
大数据资深专家,互联网/电子商务,48-84万,北京,5-7年,本科,字节跳动,"健身瑜伽,六险一金,带薪休假,餐补,免费三餐,弹性工作,租房补贴"
大数据开发工程师,学术/科研,180-216万,武汉,3-4年,本科,湖北珞珈实验室,"补充医疗保险,绩效奖金,定期体检,专业培训,餐饮补贴"
大数据工程师,计算机软件,12-18万,重庆,3-4年,本科,重庆扬升科技集团有限公司,"flink,spark,storm,hadoop,java,计算机,hive,kafka"
大数据开发,互联网/电子商务,8.4-16.8万,青岛,无需经验,本科,青岛黑臻科技信息有限公司,"hadoop,java,hive,数据库,数据分析,sql,spark,python,计算机"
大数据专家,互联网/电子商务,48-84万,北京,5-7年,本科,字节跳动,"五险一金,股票期权"
大数据开发工程师,制药/生物工程,12-24万,南京,2年,大专,上海优宁维生物科技股份有限公司,"五险一金,员工旅游,交通补贴,年终奖金,专业培训,餐饮补贴,定期体检"
大数据开发工程师,计算机软件,13-19.5万,宁波,2年,大专,宁波思艾特软件有限公司,"五险一金,交通补贴,出国机会,专业培训,通讯补贴,餐饮补贴,弹性工作"
大数据开发,互联网/电子商务,7.2-14.4万,青岛,无需经验,本科,青岛黑臻科技信息有限公司,"hadoop,java,数据库,hive,数据分析,sql,spark,python"
大数据开发工程师-数据湖方向,互联网/电子商务,24-48万,北京,3-4年,本科,字节跳动,"弹性工作,六险一金,带薪休假,免费三餐,扁平管理,下午茶,租房补贴"
大数据分析师,通信/电信运营、增值服务,6-12万,广州,1年,大专,宜通世纪科技股份有限公司,"sql,python,五险一金,专业培训,通讯补贴,餐饮补贴,绩效奖金,年终奖金"
大数据分析,计算机软件,8.4-14.4万,沈阳,2年,本科,光谷动力（北京）科技有限公司,"计算机,经济,测试方案,五险一金,通讯补贴,绩效奖金,餐饮补贴,交通补贴"
大数据算法工程师,计算机软件,18-24万,南昌,5-7年,本科,南昌协达科技发展有限公司,"数据分析模型,数据模型,java,数据挖掘,hadoop,spark,绩效奖金"
大数据开发工程师-移互创新部,计算机软件,12-18万,上海,3-4年,本科,中数通信息有限公司,"数据仓库,数据挖掘,数据平台,数据可视化,数据处理,大数据开发,周末双休"
大数据分析,计算机软件,9.6-14.4万,北京,2年,大专,光谷动力（北京）科技有限公司,"计算机,经济,it,五险一金,通讯补贴,绩效奖金,餐饮补贴,交通补贴"
大数据算法分析,汽车,216-360万,武汉,3-4年,本科,东风悦享科技有限公司,"车联网,数据分析,五险一金,补充医疗保险,交通补贴,餐饮补贴,绩效奖金"
大数据研发专家,互联网/电子商务,36-72万,北京,无需经验,本科,字节跳动,"五险一金,下午茶,租房补贴,免费三餐,弹性工作"
大数据开发工程师,通信/电信/网络设备,18-30万,北京,3-4年,硕士,北京三星通信技术研究有限公司,"五险一金,补充医疗保险,餐饮补贴,年终奖金,弹性工作,定期体检,专业培训"
大数据开发工程师,计算机服务(系统、数据服务、维修),78-14.4万,石家庄,无需经验,大专,河北蓝潮信息技术有限公司,"数据仓库,shell,python,scala,大数据平台,数据挖掘,大数据开发"
大数据架构师,计算机服务(系统、数据服务、维修),24-36万,上海,5-7年,本科,上海神州数码有限公司,"架构设计,技术方案,数据可视化,大数据平台,数据建模,数据采集,大数据"
大数据分析师,互联网/电子商务,13.2-24万,海口,5-7年,本科,数字海南有限公司,"五险一金,餐饮补贴,绩效奖金,年终奖金,弹性工作"
大数据算法工程师,计算机软件,24-30万,南京,3-4年,硕士,南京视察者智能科技有限公司,"大数据,C++,算法,五险一金,员工旅游,餐饮补贴,专业培训,定期体检"
大数据开发工程师,房地产,120-180万,武汉,3-4年,本科,武汉金融街投资控股集团有限公司（原江汉区房地产公司）,"周末双休,带薪年假,包吃,加班补贴,五险一金,绩效奖金,定期体检"
大数据分析师,计算机软件,8.4-16.8万,武汉,1年,本科,武汉市禾亭亿电子商务有限公司,"excel,计算机,数据分析,报表,建模,sql,数据治理,大数据平台"
大数据分析,计算机服务(系统、数据服务、维修),15.6-20.4万,北京,3-4年,本科,振宁（无锡）智能科技有限公司,"数据分析,大数据,spss,tableau,数据敏感,清洗,电力设备,python"
大数据Hadoop开发工程师,计算机服务(系统、数据服务、维修),15.6-21.6万,广州,5-7年,本科,广州华景政通信息技术有限公司,"五险一金,弹性工作,定期体检,专业培训,节日福利,周末双休"
大数据分析,计算机软件,7.8-15.6万,青岛,无需经验,大专,青岛诺宸尚迅信息技术有限公司,"计算机,软件开发,物联网,呈现数据,大数据行业,数据搜集,行业研究"
大数据平台工程师,建筑/建材/工程,18-30万,北京,5-7年,本科,中国恩菲工程技术有限公司,"大数据平台,五险一金,补充医疗保险,出国机会,通讯补贴,餐饮补贴,交通补贴"
高级大数据开发工程师,计算机软件,24-42万,成都,8-9年,本科,成都卡莱博尔信息技术股份有限公司,"五险一金,弹性工作,绩效奖金"
研发工程师-大数据,通信/电信运营、增值服务,30-36万,北京,1年,本科,北京中创信测科技股份有限公司,"五险一金,补充医疗保险,餐饮补贴,年终奖金,定期体检,周末双休,节日福利"
大数据分析,计算机软件,7.8-15.6万,青岛,无需经验,大专,青岛诺宸尚迅信息技术有限公司,"计算机,行业研究,统计学,数据搜集,软件开发,数学,大数据行业,呈现数据"
大数据开发工程师-内容生态与体验,互联网/电子商务,36-60万,北京,无需经验,本科,字节跳动,"下午茶,健身瑜伽,六险一金,五险一金,股票期权,团队氛围好,晋升空间大"
大数据分析师,计算机软件,7.8-13万,沈阳,1年,本科,辽宁卓信普惠征信服务有限公司,"征信,数据库,数据分析,金融,数字科技,信贷,五险一金,通讯补贴"
大数据开发工程师,计算机软件,9.6-18万,北京,1年,大专,点奇互联（北京）科技有限公司,"java,数据库,spring,mybatis,dubbo,linux,微服务,redis,五险一金"
大数据开发,互联网/电子商务,11.7-18.2万,成都,3-4年,大专,四川文轩在线电子商务有限公司,"计算机,java,bi,flink,Hadoop,五险一金,通讯补贴,餐饮补贴"
大数据开发工程师.非晓,互联网/电子商务,14.4-26.4万,重庆,无需经验,本科,重庆维普资讯有限公司,"五险一金,交通补贴,通讯补贴,专业培训,绩效奖金,年终奖金,定期体检"
大数据分析师,计算机软件,7.8-13万,大连,1年,本科,辽宁卓信普惠征信服务有限公司,"征信,数据库,数据分析,金融,数字科技,信贷,五险一金,通讯补贴"
大数据开发工程师,计算机软件,9.6-18万,北京,1年,大专,点奇互联（北京）科技有限公司,"java,数据库,spring,mybatis,dubbo,linux,微服务,redis,五险一金"
大数据开发工程师,机械/设备/重工,12-20.4万,广州,3-4年,大专,广州标际包装设备有限公司,"周末双休,带薪年假,五险一金,全勤奖,交通补贴,餐饮补贴,通讯补贴"
大数据开发工程师,计算机软件,8.4-15.6万,襄阳,3-4年,本科,湖北宽云网络科技有限公司,"hadoop,大数据开发,数据挖掘,开发,spark,五险一金,员工旅游"
大数据架构师,计算机软件,24-36万,深圳,8-9年,本科,归一互生集团有限公司,"计算机,hadoop,hive,etl,hbase,机器学习,数据挖掘,系统架构设计"
大数据开发工程师,计算机软件,9.6-18万,北京,1年,大专,点奇互联（北京）科技有限公司,"java,数据库,spring,mybatis,dubbo,linux,微服务,redis,五险一金"
大数据开发工程师,计算机软件,20.8-41.6万,深圳,3-4年,本科,北京鼎腾科技有限公司,"大数据,数据开发,数据治理,数据挖掘,数据仓库,数据架构,数据处理"
大数据开发工程师,建筑/建材/工程,39-52万,深圳,5-7年,本科,朗奥科技,"大数据,linux,数据仓库,数据挖掘,hadoop,大数据平台,五险一金"
大数据开发工程师,电子技术/半导体/集成电路,264-420万,杭州,2年,本科,杭州广立微电子股份有限公司,"大数据,大数据开发,开发,五险一金,员工旅游,餐饮补贴,通讯补贴"
大数据开发工程师,计算机软件,9.6-18万,北京,1年,大专,点奇互联（北京）科技有限公司,"java,数据库,spring,mybatis,dubbo,linux,微服务,redis,五险一金"
大数据开发工程师,计算机软件,19.2-38.4万,西安,3-4年,本科,北京鼎腾科技有限公司,"大数据,数据开发,数据治理,数据挖掘,数据仓库,数据架构,数据处理"
大数据开发工程师,计算机软件,15.6-20.8万,宜昌,3-4年,本科,广州健新科技有限责任公司,"大数据,数据仓库,spark,java,数据报表,sql,数据结构,设计模式"
大数据开发工程师,计算机软件,18-24万,上海,3-4年,本科,上海沣海智能科技有限公司,"数据开发,软件,开发,python,java,shell"
大数据开发工程师,计算机软件,9.6-18万,北京,1年,大专,点奇互联（北京）科技有限公司,"java,数据库,spring,mybatis,dubbo,linux,微服务,redis,五险一金"
大数据开发工程师,计算机软件,19.2-38.4万,武汉,3-4年,本科,北京鼎腾科技有限公司,"大数据,数据开发,数据治理,数据挖掘,数据仓库,数据架构,数据处理"
大数据开发岗(009160),银行,24-48万,深圳,3-4年,本科,中信银行信用卡中心,"五险一金,补充医疗保险,员工旅游,餐饮补贴,通讯补贴,年终奖金,绩效奖金"
大数据开发工程师,计算机软件,18-24万,上海,2年,本科,上海沣海智能科技有限公司,"数据开发,软件,开发,python,java,shell"
大数据开发工程师,计算机软件,9.6-18万,北京,1年,大专,点奇互联（北京）科技有限公司,"java,数据库,spring,mybatis,dubbo,linux,微服务,redis,五险一金"
大数据开发工程师,计算机服务(系统、数据服务、维修),26-39万,上海,3-4年,本科,元初数智科技发展集团有限公司,"大数据,hive,数据仓库,做五休二,周末双休,高温补贴,五险一金"
大数据架构师,通信/电信/网络设备,24-42万,成都,5-7年,本科,海能达通信股份有限公司,"大数据平台,hive,hadoop,大数据,五险一金,绩效奖金,定期体检"
大数据开发工程师,计算机软件,18-24万,上海,2年,本科,上海沣海智能科技有限公司,"数据开发,软件,开发,python,java,shell"
大数据开发工程师,计算机软件,9.6-18万,北京,1年,大专,点奇互联（北京）科技有限公司,"java,数据库,spring,mybatis,dubbo,linux,微服务,redis,五险一金"
大数据开发工程师,电子技术/半导体/集成电路,18-30万,惠州,3-4年,本科,深圳市德兰明海新能源股份有限公司,"五险一金,绩效奖金,定期体检,弹性工作,包住宿,带薪年假,免费班车"
大数据平台架构师(009139),银行,24-48万,深圳,3-4年,本科,中信银行信用卡中心,"五险一金,补充医疗保险,员工旅游,餐饮补贴,通讯补贴,年终奖金,绩效奖金"
大数据开发工程师,计算机软件,18-24万,上海,3-4年,本科,上海沣海智能科技有限公司,"数据开发,软件,开发,python,java,shell"
大数据开发工程师,计算机软件,9.6-18万,北京,1年,大专,点奇互联（北京）科技有限公司,"java,数据库,spring,mybatis,dubbo,linux,微服务,redis,五险一金"
大数据开发工程师,电子技术/半导体/集成电路,18-30万,深圳,3-4年,本科,深圳市德兰明海新能源股份有限公司,"五险一金,绩效奖金,定期体检,弹性工作,包住宿,带薪年假,免费班车"
大数据分析工程师,互联网/电子商务,12-21.6万,重庆,3-4年,本科,重庆维普资讯有限公司,"Hadoop,自然语言处理,spark,五险一金,专业培训,绩效奖金,年终奖金"
大数据开发工程师,仪器仪表/工业自动化,26.4-33.6万,深圳,3-4年,本科,深圳拓安信物联股份有限公司,"zookeeper,hdfs,spark,flink,yarn,java,scala,五险一金,年终奖金"
大数据开发工程师,计算机软件,9.6-18万,北京,1年,大专,点奇互联（北京）科技有限公司,"java,数据库,spring,mybatis,dubbo,linux,微服务,redis,五险一金"
大数据算法工程师,计算机软件,14.4-24万,南京,1年,硕士,中兴飞流信息科技有限公司,"大数据,算法,故障诊断,故障检测,建模设计,机器学习算法,数据分析"
BI大数据架构师—上海北京大连,专业服务(咨询、人力资源、财会),30-60万,上海,10年以上,本科,大连凯沃企业管理咨询有限公司,"BI,BAT,机器学习,bi,大数据,hadoop"
大数据开发工程师,计算机软件,12-16.8万,广州,3-4年,大专,广东致盛技术有限公司,"java,mysql,大数据,数据开发,spark,hdfs,hive,python,doris"
大数据开发工程师,计算机软件,9.6-18万,北京,1年,大专,点奇互联（北京）科技有限公司,"java,数据库,spring,mybatis,dubbo,linux,微服务,redis,五险一金"
大数据工程师,计算机软件,24-36万,广州,3-4年,大专,神州数码信息服务股份有限公司,"五险一金,周末双休"
大数据工程师（电商行业）,互联网/电子商务,30-48万,北京,2年,本科,字节跳动,"六险一金,弹性工作,免费三餐,租房补贴,带薪休假,休闲下午茶,扁平管理"
大数据leader,计算机软件,24-30万,南京,5-7年,硕士,南京视察者智能科技有限公司,"大数据,产品规划,五险一金,员工旅游,餐饮补贴,专业培训,绩效奖金"
大数据开发工程师,计算机软件,9.6-18万,北京,1年,大专,点奇互联（北京）科技有限公司,"java,数据库,spring,mybatis,dubbo,linux,微服务,redis,五险一金"
大数据开发工程师,计算机软件,26.4-28.8万,北京,5-7年,大专,北京神州泰岳软件股份有限公司,"计算机,大数据,spark,hbase,大数据分析,数据开发,数据治理,五险一金"
大数据工程师,计算机软件,14.4-19.2万,珠海,5-7年,大专,京北方信息技术股份有限公司珠海分公司,"数仓,hive,Hadoop,五险一金,餐饮补贴,绩效奖金,专业培训"
大数据开发工程师,计算机软件,15.6-26万,广州,5-7年,本科,亚信科技CUC,"五险一金,补充医疗保险,通讯补贴,年终奖金,定期体检,节日福利"
大数据开发工程师,计算机软件,9.6-18万,北京,1年,大专,点奇互联（北京）科技有限公司,"java,数据库,spring,mybatis,dubbo,linux,微服务,redis,五险一金"
大数据算法工程师,通信/电信/网络设备,24-48万,上海,3-4年,本科,上海豪亿信息科技有限公司,"python,PSO算法,遗传算法,Matlab,Java,五险一金,交通补贴,员工旅游"
大数据开发工程师,计算机软件,14.4-28.8万,广州,3-4年,本科,上海辰锐信息科技有限公司,"hadoop,flume,计算机,大数据,kafka,五险一金,专业培训,定期体检"
大数据架构师,计算机软件,300-420万,武汉,5-7年,本科,湖北聚游科技有限公司,"PostgreSQL,Hadoop,Hive,Presto,Spark,五险一金,餐饮补贴"
大数据开发工程师,计算机软件,9.6-18万,北京,1年,大专,点奇互联（北京）科技有限公司,"java,数据库,spring,mybatis,dubbo,linux,微服务,redis,五险一金"
大数据开发工程师,计算机软件,12-24万,贵阳,5-7年,本科,贵州东方世纪科技股份有限公司,"zookeeper,java,hadoop,hbase,spark,大数据平台,五险一金,年终奖金"
大数据平台工程师,计算机软件,19.5-26万,广州,3-4年,本科,广州市品高软件股份有限公司,"linux,hadoop,spark,大数据平台,开源组件,es,flink,kafka,大数据"
大数据平台开发工程师,互联网/电子商务,48-72万,北京,8-9年,本科,字节跳动,"下午茶,健身瑜伽,六险一金,扁平管理,免费三餐,租房补贴"
大数据开发工程师,计算机软件,9.6-18万,北京,1年,大专,点奇互联（北京）科技有限公司,"java,数据库,spring,mybatis,dubbo,linux,微服务,redis,五险一金"
大数据算法开发工程师,新能源,11.2-22.4万,武汉,2年,本科,武汉亿纬储能有限公司,"五险一金,交通补贴,餐饮补贴,专业培训,定期体检,年终奖金"
大数据开发工程师,互联网/电子商务,18-24万,常熟,3-4年,本科,江苏中服焦点跨境贸易服务有限公司,"大数据,大数据开发,hadoop,数据分析,数据挖掘,五险一金,餐饮补贴"
大数据工程师,计算机软件,8.4-16.8万,武汉,2年,大专,武汉三佳医疗信息技术有限公司,"hadoop,数据分析,绩效奖金,专业培训,五险一金,交通补贴,定期体检"
大数据研发工程师,计算机软件,18-36万,上海,3-4年,本科,上海挚飞信息科技有限公司,"大数据,flink,hdfs,json,交通补贴,绩效奖金,定期体检,五险一金"
大数据分析-SQL/Python/Hadoop/Spark,会计/审计,10.4-20.8万,重庆,3-4年,本科,安永华明会计师事务所（特殊普通合伙）上海分所,"hadoop,大数据,数据分析,sql,spark,python,五险一金,专业培训"
AI大数据分析与开发主管,电子技术/半导体/集成电路,19.5-32.5万,重庆,5-7年,本科,重庆万国半导体科技有限公司,"五险一金,免费班车,专业培训,年终奖金,定期体检,绩效奖金,补充商业险"
大数据开发工程师,通信/电信/网络设备,8.4-14.4万,西安,3-4年,硕士,通号通信信息集团有限公司,"云计算,系统架构,通讯补贴,定期体检,餐饮补贴,专业培训,年终奖金"
大数据Hadoop开发工程师,计算机软件,12-21.6万,广州,3-4年,本科,广东德生科技股份有限公司,"hadoop,五险一金,交通补贴,绩效奖金,定期体检"
大数据分析-SQL/Python/Hadoop/Spark,会计/审计,10.4-20.8万,上海,3-4年,本科,安永华明会计师事务所（特殊普通合伙）上海分所,"数据分析,sql,hadoop,spark,大数据,python,五险一金,专业培训"
大数据开发工程师,电子技术/半导体/集成电路,10.8-21.6万,南京,3-4年,本科,南京高华科技股份有限公司,"免费班车,五险一金"
大数据开发工程师,互联网/电子商务,24-36万,上海,3-4年,本科,“前程无忧”51job.com（上海）,"java,hadoop,hive,spark,五险一金,专业培训,补充医疗保险,定期体检"
大数据架构工程师（金融科技部）,金融/投资/证券,24-36万,南京,5-7年,硕士,南京证券股份有限公司,"五险一金,专业培训,定期体检,节日福利,带薪年假,绩效奖金,年终奖金"
大数据分析-SQL/Python/Hadoop/Spark,会计/审计,10.4-20.8万,大连,3-4年,本科,安永华明会计师事务所（特殊普通合伙）上海分所,"sql,大数据,hadoop,数据分析,spark,python,五险一金,专业培训"
大数据开发工程师,通信/电信/网络设备,18-36万,上海,5-7年,本科,上海阅维科技股份有限公司,"大数据,hadoop,大数据开发,spark,五险一金,定期体检,绩效奖金"
大数据分析师,互联网/电子商务,19.5-26万,上海,3-4年,本科,上海易班企业发展有限公司,"数据分析,数据挖掘,数据解决方案,数据决策,监控数据异常,五险一金"
中高级大数据开发工程师,仪器仪表/工业自动化,24-33.6万,深圳,3-4年,本科,深圳拓安信物联股份有限公司,"flink,spark,大数据开发,五险一金,包吃住,年终奖金"
大数据开发工程师,专业服务(咨询、人力资源、财会),9.6-18万,武汉,2年,本科,北天英才（北京）科技有限公司,"团队氛围好,发展空间大,补充医疗保险,五险一金,补充公积金,绩效奖金"
大数据开发工程师,贸易/进出口,18-24万,上海,5-7年,本科,上海创新给水设备制造（集团）有限公司,"五险一金,补充医疗保险,交通补贴,餐饮补贴,通讯补贴,专业培训,出国机会"
大数据分析工程师,建筑/建材/工程,18-30万,北京,5-7年,本科,中国恩菲工程技术有限公司,"大数据,五险一金,补充医疗保险,出国机会,通讯补贴,餐饮补贴,交通补贴"
大数据开发高级工程师,新能源,14.4-18万,常州,3-4年,本科,天合光能股份有限公司,"年终奖金,带薪年假,五险一金,补充医疗保险,免费班车,餐饮补贴,通讯补贴"
大数据分析,计算机软件,14.4-19.2万,上海,3-4年,大专,上海春笛信息科技有限公司,
大数据开发工程师,计算机服务(系统、数据服务、维修),12-20.4万,西安,3-4年,本科,京北方信息技术股份有限公司成都分公司,"hadoop,sql,spark,五险一金,餐饮补贴,绩效奖金,定期体检"
大数据研发工程师-福州,计算机软件,13-26万,福州,2年,本科,中电福富信息科技有限公司,"五险一金,补充医疗保险,员工旅游,餐饮补贴,年终奖金,定期体检,绩效奖金"
大数据开发工程师,计算机软件,18-24万,杭州,2年,本科,杭州威灿科技有限公司,"五险一金,年终奖金,全勤奖,补充医疗保险,专业培训,定期体检,员工旅游"
大数据开发,计算机软件,21.6-24万,上海,5-7年,本科,神州数码信息服务股份有限公司,"spark,hadoop,数据开发,五险一金,定期体检"
大数据工程师,计算机软件,14.4-18万,温州,1年,大专,浙江城安大数据有限公司,"五险一金,年终奖金,绩效奖金,13薪,餐饮补贴,交通补贴,通讯补贴"
大数据开发工程师,计算机软件,10.8-21.6万,广州,8-9年,本科,源恒税务师事务所有限公司,"解决方案,数据仓库,数据收集,架构设计,设计模式,大数据,关系型数据库"
大数据开发工程师,计算机软件,9.6-12万,青岛,无需经验,本科,青岛智力云人工智能科技有限公司,
大数据开发工程师(C),计算机软件,24-26.4万,上海,3-4年,本科,上海择仕信息科技有限公司,"大数据,hadoop,数据挖掘,java,五险一金,专业培训,弹性工作,绩效奖金"
大数据研发架构师-数据平台,互联网/电子商务,42-84万,上海,3-4年,本科,字节跳动,"六险一金,五险一金,免费三餐,弹性工作"
大数据开发,计算机软件,54-10.8万,郑州,无需经验,大专,郑州由申甲网络科技有限公司,"数据分析,java,linux,hadoop,五险一金,补充医疗保险,补充公积金"
大数据开发工程师,计算机软件,24-30万,上海,1年,本科,海隆软件（昆山）有限公司,"五险一金,补充医疗保险,定期体检,员工旅游,餐饮补贴,弹性工作,出国机会"
大数据开发工程师,服装/纺织/皮革,26-52万,佛山,3-4年,本科,广东爱依服商贸有限公司,"年终奖金,提供食宿,节日福利,股票期权"
大数据算法工程师,计算机软件,28-56万,南京,1年,硕士,南京红松信息技术有限公司,"机器学习算法,五险一金,年终奖金,绩效奖金,餐补,交通补,电脑补"
大数据开发工程师,计算机软件,9.6-18万,哈尔滨,无需经验,大专,内蒙古钛驰新迪商务有限公司,"mybatis,dubbo,java,数据库,spring,linux,微服务,redis,web"
大数据开发工程师,网络游戏,18-30万,广州,3-4年,本科,广州天纵网络科技有限公司,"hadoop,数据库,数据分析,五险一金,员工旅游,交通补贴,定期体检"
大数据开发工程师,计算机服务(系统、数据服务、维修),27-54万,上海,3-4年,本科,北京聘多多科技有限公司,"大数据,hadoop,java,大数据开发,spark,数据开发,数据分析,数据处理"
大数据架构师,计算机服务(系统、数据服务、维修),42-56万,成都,10年以上,本科,友邦资讯科技（广州）有限公司成都分公司,"弹性工作,周末双休,地铁周边,五险一金,定期体检,年终奖金,节日福利"
大数据开发工程师,计算机软件,9.6-18万,北京,1年,大专,内蒙古钛驰新迪商务有限公司,"mybatis,dubbo,java,数据库,spring,linux,微服务,redis,web"
大数据开发,通信/电信运营、增值服务,14.4-28.8万,杭州,3-4年,本科,浙江省公众信息产业有限公司,"五险一金,交通补贴,餐饮补贴,通讯补贴,定期体检"
大数据开发工程师,计算机服务(系统、数据服务、维修),27-54万,深圳,3-4年,本科,北京聘多多科技有限公司,"大数据,hadoop,大数据开发,java,spark,数据挖掘,数据分析,开发"
大数据架构师,计算机服务(系统、数据服务、维修),42-56万,成都,10年以上,本科,友邦资讯科技（广州）有限公司成都分公司,"弹性工作,周末双休,地铁周边,五险一金,定期体检,年终奖金,节日福利"
大数据开发工程师,金融/投资/证券,12-18万,成都,3-4年,本科,四川省唯品富邦消费金融有限公司,"hadoop,java,Flink,五险一金,餐饮补贴,专业培训,定期体检,年终奖金"
软件开发工程师-大数据方向,计算机软件,72-10.8万,昆明,1年,本科,云南南天电子信息产业股份有限公司,"周末双休,带薪年假,五险一金,专业培训,绩效奖金,定期体检,年终奖金"
大数据开发工程师,专业服务(咨询、人力资源、财会),32.5-39万,上海,3-4年,本科,上海赢崧企业管理咨询有限公司,"建模,五险一金,餐饮补贴,绩效奖金,交通补贴,年终奖金,弹性工作"
大数据开发（克拉斯特）,计算机软件,18-24万,苏州,2年,本科,苏州得心应手信息技术有限公司,"五险一金,绩效奖金,年终奖金,定期体检,员工旅游"
大数据开发工程师,电子技术/半导体/集成电路,15.4-25.2万,佛山,3-4年,本科,广东艾科智泊科技股份有限公司,"大数据,java,flink,clickhouse,后端语言,spark,bi报表系统,spring"
大数据开发工程师(005996),计算机软件,14.4-21.6万,广州,3-4年,本科,广州南天电脑系统有限公司,"linux,mysql,hive,spark,五险一金,周末双休,带薪年假,员工旅游"
大数据开发,计算机软件,18-30万,广州,3-4年,本科,神州数码信息服务股份有限公司,"sqoop,hive,大数据平台,五险一金,年终奖金,定期体检"
大数据开发负责人,计算机软件,420-540万,南京,5-7年,硕士,南京市康迪普润网络服务有限公司,"五险一金,弹性工作,绩效奖金,年终奖金,专业培训"
大数据架构师,交通/运输/物流,30-36万,天津,8-9年,本科,北京易华录信息技术股份有限公司,"五险一金,餐饮补贴,通讯补贴,定期体检,项目奖金"
大数据开发工程师-流式计算方向,互联网/电子商务,30-54万,北京,无需经验,本科,字节跳动,"下午茶,健身瑜伽,六险一金,五险一金,股票期权,团队氛围好,晋升空间大"
大数据分析工程师,新能源,25.2-35万,苏州,5-7年,本科,江苏阿诗特能源科技股份有限公司,"java,linux,shell,dubbo,大数据平台,数据采集,分布式系统,多线程"
大数据/算法工程师,计算机软件,24-42万,广州,3-4年,硕士,广东精一信息技术有限公司,"五险一金,补充医疗保险,补充公积金,员工旅游,交通补贴,餐饮补贴,通讯补贴"
大数据架构师,交通/运输/物流,30-42万,北京,8-9年,本科,北京易华录信息技术股份有限公司,"五险一金,项目奖金"
大数据开发工程师,计算机软件,24-30万,上海,5-7年,本科,神州数码信息服务股份有限公司,"mongodb,hadoop,es,数仓建模,银行金融,数据开发,五险一金"
大数据算法工程师(TB0001),计算机软件,24-30万,上海,2年,本科,万得信息技术股份有限公司（Wind资讯）,"大数据,开发"
大数据开发工程师,计算机软件,10.4-18.2万,西安,2年,本科,陕西金合信息科技股份有限公司,"绩效奖金,五险一金,补充医疗保险,定期体检,年终奖金,周末双休,加班补贴"
大数据架构师,交通/运输/物流,30-36万,天津,8-9年,本科,北京易华录信息技术股份有限公司,"五险一金,餐饮补贴,通讯补贴,定期体检,项目奖金"
大数据引擎资深专家-EMR/大数据云平台,互联网/电子商务,78-150万,上海,8-9年,本科,字节跳动,"下午茶,健身瑜伽,五险一金,股票期权,团队氛围好,晋升空间大,带薪休假"
大数据工程师,通信/电信/网络设备,60-8.4万,武汉,2年,大专,嘉环科技股份有限公司,"java,python,数据处理,五险一金,通讯补贴,专业培训,绩效奖金"
技术开发（大数据）,快速消费品(食品、饮料、化妆品),19.5-26万,成都,3-4年,本科,华润雪花啤酒,"带薪年假,午餐补助,通讯津贴,交通补助,500强,优秀员工奖,五险一金"
大数据开发工程师,计算机软件,16.8-24万,武汉,5-7年,本科,武汉储慧信息科技有限公司,"hadoop,数据库,数据分析,spark,java,hive,sql,python,五险一金"
大数据开发工程师-电商,互联网/电子商务,36-72万,杭州,3-4年,本科,字节跳动,"下午茶,健身瑜伽,六险一金,股票期权,团队氛围好,晋升空间大,带薪休假"
大数据研发/分析工程师,计算机软件,18-30万,成都,3-4年,本科,招银网络科技（深圳）有限公司成都分公司,"机器学习,数据分析,nlp,scikit_learn,caffe,知识图谱,aiops,scipy"
高级大数据开发工程师,计算机软件,480-840万,深圳,5-7年,本科,深圳中泓在线股份有限公司,"CDH,spark,hadoop,数据中台,大数据,大数据开发,五险一金,员工旅游"
大数据开发工程师,计算机软件,15.6-24万,武汉,5-7年,本科,武汉储慧信息科技有限公司,"hadoop,数据库,数据分析,spark,java,hive,sql,python,五险一金"
大数据开发工程师-电商,互联网/电子商务,36-72万,杭州,3-4年,本科,字节跳动,"下午茶,健身瑜伽,六险一金,股票期权,团队氛围好,晋升空间大,带薪休假"
大数据开发,计算机软件,12-18万,深圳,3-4年,本科,深圳市长亮科技股份有限公司,"五险一金,通讯补贴,定期体检,周末双休"
大数据开发,计算机软件,21.6-27.6万,长沙,3-4年,本科,神州数码信息服务股份有限公司,"五险一金,周末双休"
大数据开发工程师,新能源,22.5-30万,深圳,5-7年,本科,深圳市首航新能源股份有限公司,"大数据平台,监控平台,五险一金,专业培训,员工旅游,年终奖金,节日礼品"
大数据开发工程师,计算机服务(系统、数据服务、维修),14.4-21.6万,广州,5-7年,大专,北京聘多多科技有限公司,"hadoop,大数据,ETL,数据仓库,数据建模,sql,python,航空,电商"
大数据工程师,农/林/牧/渔,18-26.4万,上海,3-4年,硕士,上海兰桂骐技术发展股份有限公司,"hadoop,数据库,数据分析,五险一金,绩效奖金,年终奖金"
大数据工程师,计算机服务(系统、数据服务、维修),19.5-32.5万,杭州,5-7年,本科,汇智智能科技有限公司,"五险一金,员工旅游,年终奖金,绩效奖金,周末双休,公司氛围好,春节超长假期"
高级大数据开发工程师,计算机软件,12-19.2万,昆明,3-4年,本科,云南达速科技有限公司,"大数据,大数据开发,开发工程师,周末双休,通讯补贴,餐饮补贴,交通补贴"
大数据研发经理/主管,房地产,14.4-24万,武汉,3-4年,本科,武汉东湖高新集团股份有限公司,"定期体检,餐饮补贴,绩效奖金,年终奖金,节日福利,五险一金,交通补贴"
大数据开发工程师（22017）,计算机服务(系统、数据服务、维修),9.6-16.8万,广州,3-4年,大专,广东新基建控股集团有限公司,"数据分析,大数据,sql,datax,数据模型,etl,五险一金,年假,节日福利"
大数据工程师,计算机服务(系统、数据服务、维修),19.5-32.5万,杭州,5-7年,本科,汇智智能科技有限公司,"五险一金,员工旅游,年终奖金,绩效奖金,周末双休,公司氛围好,春节超长假期"
大数据开发工程师,计算机软件,14.4-21.6万,深圳,2年,大专,深圳市正信软件有限公司,
总行数据资产管理部-大数据开发工程师岗,银行,nan-nan万,北京,2年,本科,中国光大银行总行,
大数据开发工程师,计算机软件,18-24万,杭州,3-4年,本科,杭州绿掌科技有限公司,"五险一金,带薪年假,节日福利,交通补贴,加班补贴,大小休"
大数据开发实习生,互联网/电子商务,65-9.1万,重庆,1年,大专,贵州玉珏网络技术服务有限责任公司,"java,hadoop,数据库,数据分析,spark,python,sql,hive,五险一金"
大数据研发工程师-基础数仓方向,互联网/电子商务,36-96万,北京,无需经验,本科,字节跳动,"下午茶,健身瑜伽,五险一金,股票期权,团队氛围好,晋升空间大,带薪休假"
大数据开发工程师,计算机软件,18-31.2万,大连,无需经验,本科,米斯特奥福（大连）咨询服务有限公司,"etl,spark,大数据开发,五险一金,补充医疗保险,通讯补贴,出国机会"
大数据开发工程师-无锡,计算机软件,120-240万,无锡,3-4年,本科,苏州广立信息技术有限公司,"大数据开发,数仓架构设计,模型设计,五险一金,通讯补贴,带薪年假"
大数据算法工程师,石油/化工/矿产/地质,12-24万,深圳,2年,本科,清能艾科（深圳）能源技术有限公司,"机器学习,深度学习,python,算法工程师,数据挖掘,预警,xgboost"
大数据开发工程师,计算机软件,18-31.2万,大连,无需经验,本科,米斯特奥福（大连）咨询服务有限公司,"etl,spark,大数据开发,五险一金,补充医疗保险,通讯补贴,出国机会"
大数据及数据科学工程师(001103),多元化业务集团公司,8.4-14.4万,沈阳,3-4年,本科,东软教育科技集团有限公司,"五险一金,补充医疗保险,专业培训,年终奖金,定期体检,周末双休,节日福利"
大数据算法工程师,石油/化工/矿产/地质,12-18万,成都,2年,本科,清能艾科（深圳）能源技术有限公司,"机器学习,深度学习,python,算法工程师,数据挖掘,预警,xgboost"
OLAP数据库资深专家-EMR/大数据云平台,互联网/电子商务,78-150万,北京,8-9年,本科,字节跳动,"下午茶,健身瑜伽,五险一金,股票期权,团队氛围好,晋升空间大,带薪休假"
大数据开发工程师,计算机软件,18-31.2万,大连,无需经验,本科,米斯特奥福（大连）咨询服务有限公司,"etl,spark,大数据开发,五险一金,补充医疗保险,通讯补贴,出国机会"
大数据开发工程师2,交通/运输/物流,19.5-39万,苏州,5-7年,本科,苏州智能交通信息科技股份有限公司,"kafka,hive,spark,hadoop,redis,大数据,五险一金,餐饮补贴"
高级大数据算法工程师,石油/化工/矿产/地质,18-30万,深圳,5-7年,本科,清能艾科（深圳）能源技术有限公司,"机器学习,深度学习,python,算法工程师,数据挖掘,xgboost,预警"
大数据技术专家,互联网/电子商务,42-56万,上海,8-9年,本科,百联全渠道电子商务有限公司,"五险一金,交通补贴,餐饮补贴,专业培训,定期体检,年终奖金,绩效奖金"
大数据开发工程师(J10162),计算机软件,21-35万,深圳,3-4年,本科,深圳嘉立创科技集团股份有限公司,"bi,java,etl,scala,五险一金,节日福利,定期体检,餐饮补贴,交通补贴"
大数据平台开发工程师,计算机软件,13-26万,西安,3-4年,本科,苏州海加网络科技股份有限公司,"五险一金,餐饮补贴,年终奖金,定期体检"
高级大数据算法工程师,石油/化工/矿产/地质,18-24万,成都,5-7年,本科,清能艾科（深圳）能源技术有限公司,"机器学习,深度学习,python,算法工程师,数据挖掘,xgboost,预警"
大数据开发工程师,计算机软件,14.4-19.2万,上海,3-4年,本科,上海威士顿信息技术股份有限公司,"etl,sqlserver,python,金融,报表开发,oracle,五险一金,专业培训"
大数据架构师,新能源,24-36万,上海,3-4年,本科,上海融和骏玖新能源科技有限公司,"数据库,hadoop,数据分析,spark,python,sql,hive,java,五险一金"
大数据工程师/架构师,计算机软件,42-70万,北京,5-7年,本科,潍坊赢启信息科技有限公司,
大数据开发(离线),计算机服务(系统、数据服务、维修),32.5-42.9万,上海,8-9年,本科,高知特信息技术（上海）有限公司 Cognizant Technology Solutions,"离线数仓,Spark,Hive,Python,阿里云,12天年假,补充医疗保险"
大数据算法开发工程师,新能源,11.2-21万,武汉,2年,本科,武汉亿纬储能有限公司,"算法建模,数据治理,大数据,数据挖掘,五险一金,交通补贴,餐饮补贴"
大数据开发工程师,计算机服务(系统、数据服务、维修),10.4-18.2万,青岛,1年,大专,青岛市李沧区智云科技培训学校有限公司,"大数据,数据挖掘,五险一金,绩效奖金,周末双休"
大数据平台开发岗(009158),银行,24-48万,深圳,3-4年,本科,中信银行信用卡中心,"五险一金,补充医疗保险,员工旅游,餐饮补贴,通讯补贴,年终奖金,绩效奖金"
Spark SQL 开源大数据系统架构师/负责人,互联网/电子商务,66-102万,上海,5-7年,本科,字节跳动,"下午茶,健身瑜伽,五险一金,股票期权,团队氛围好,晋升空间大,带薪休假"
高级大数据开发工程师,计算机服务(系统、数据服务、维修),23.4-39万,武汉,5-7年,本科,君润优活科技（深圳）有限公司,"数据建模,算法,五险一金,绩效奖金,餐饮补贴,周末双休,节日福利"
大数据分析师（接受应届）,快速消费品(食品、饮料、化妆品),9.6-14.4万,阳泉,1年,大专,深圳市白牛贸易有限公司,"数据分析师,五险一金,绩效奖金,全勤奖"
大数据分析工程师,建筑/建材/工程,240-300万,南京,5-7年,本科,南京市测绘勘察研究院股份有限公司,"五险一金,餐饮补贴,交通补贴,年终奖金,定期体检"
大数据架构师-电商,互联网/电子商务,48-84万,杭州,5-7年,本科,字节跳动,"下午茶,健身瑜伽,六险一金,五险一金,股票期权,团队氛围好,晋升空间大"
大数据工程师,电子技术/半导体/集成电路,12-18万,黄石,1年,本科,黄石沪士电子有限公司,"五险一金,餐饮补贴,绩效奖金,年终奖金,定期体检,周末双休"
大数据分析师（接受应届）,快速消费品(食品、饮料、化妆品),9.6-14.4万,忻州,1年,大专,深圳市白牛贸易有限公司,"数据分析师,五险一金,绩效奖金,全勤奖"
大数据分析工程师,计算机软件,16.9-20.8万,北京,3-4年,本科,亚信科技CUC,"五险一金,专业培训,年终奖金"
资深后端工程师-大数据应用方向,互联网/电子商务,36-66万,上海,无需经验,本科,字节跳动,"下午茶,六险一金,扁平管理,免费三餐,弹性工作"
大数据开发工程师（中山机会）,计算机软件,24-26.4万,深圳,5-7年,大专,深圳建广数字科技有限公司青岛分公司,"高德地图,kafka,vue,hive,arcgis,数据中台,flink,数据平台,天地图"
大数据分析师（接受应届）,快速消费品(食品、饮料、化妆品),9.6-14.4万,运城,1年,大专,深圳市白牛贸易有限公司,"数据分析师,五险一金,绩效奖金,全勤奖"
大数据架构岗,金融/投资/证券,21-42万,上海,5-7年,本科,华宝证券股份有限公司,"做五休二,带薪年假,绩效奖金,交通补贴,通讯补贴,五险一金,专业培训"
大数据平台高级工程师 — 平台产品方向,互联网/电子商务,24-48万,北京,2年,本科,字节跳动,"弹性工作,免费三餐,租房补贴,下午茶,扁平管理"
大数据开发,计算机软件,7.8-15.6万,青岛,无需经验,大专,青岛诺宸尚迅信息技术有限公司,"数据开发,数据调试,数据初始化,sql脚本优化,异常数据排查,数据库维护"
大数据分析师（接受应届）,快速消费品(食品、饮料、化妆品),9.6-14.4万,天津,1年,大专,深圳市白牛贸易有限公司,"数据分析师,五险一金,绩效奖金,全勤奖"
数据科学与大数据技术教师,教育/培训/院校,7.8-15.6万,武汉,1年,硕士,武昌工学院,"老师,教师,助教,讲师,数据,分析,科学,大数据,五险一金"
中级大数据开发工程师,计算机软件,16.8-19.2万,珠海,3-4年,本科,京北方信息技术股份有限公司珠海分公司,"java,mysql,oracle,linux,数据库设计,hive,hadoop,spark,数据"
大数据开发,计算机软件,7.8-15.6万,青岛,无需经验,大专,青岛诺宸尚迅信息技术有限公司,"计算机,数据开发,数据调试,sql脚本优化,数据初始化,计算机软件"
大数据分析师（接受应届）,快速消费品(食品、饮料、化妆品),9.6-14.4万,天津,1年,大专,深圳市白牛贸易有限公司,"数据分析师,五险一金,绩效奖金,全勤奖"
大数据开发工程师,计算机软件,18-30万,深圳,3-4年,本科,深圳中泓在线股份有限公司,"java,CDH,spark,hadoop,五险一金,员工旅游,专业培训,绩效奖金"
中级大数据开发工程师,计算机软件,16.8-19.2万,珠海,3-4年,本科,京北方信息技术股份有限公司珠海分公司,"java,mysql,oracle,linux,数据库设计,hive,hadoop,spark,数据"
大数据架构师(J11296),医疗/护理/卫生,30-36万,武汉,3-4年,本科,湖北咿呀医疗投资管理有限公司,"mysql,hadoop,hive,spark,数据管理,hbase,大数据平台,医疗"
大数据分析师（接受应届）,快速消费品(食品、饮料、化妆品),9.6-14.4万,吕梁,1年,大专,深圳市白牛贸易有限公司,"数据分析师,五险一金,绩效奖金,全勤奖"
大数据架构师-电商,互联网/电子商务,24-48万,上海,无需经验,本科,字节跳动,"下午茶,健身瑜伽,六险一金,五险一金,股票期权,团队氛围好,晋升空间大"
中级大数据开发工程师,计算机软件,16.8-19.2万,珠海,3-4年,本科,京北方信息技术股份有限公司珠海分公司,"java,mysql,oracle,linux,数据库设计,hive,hadoop,spark,数据"
大数据开发工程师,新能源,14.4-28.8万,嘉兴,3-4年,本科,兰钧新能源科技有限公司,"大数据,餐饮补贴,宿舍,五险一金,交通补贴,通讯补贴,年终奖金"
大数据分析师（接受应届）,快速消费品(食品、饮料、化妆品),9.6-14.4万,朔州,1年,大专,深圳市白牛贸易有限公司,"数据分析师,五险一金,绩效奖金,全勤奖"
大数据架构师,通信/电信/网络设备,19.5-32.5万,武汉,5-7年,本科,武汉依迅北斗时空技术股份有限公司,"大数据,kafka,hadoop,hive,spark,技术解决方案,全栈开发,hbase"
大数据算法工程师,新能源,16.9-32.5万,深圳,2年,本科,旭衡电子（深圳）有限公司,"数据分析,数据结构,大数据处理,算法设计,数据支撑,深度学习框架,java"
大数据开发工程师,农/林/牧/渔,18-24万,上海,1年,本科,上海兰桂骐技术发展股份有限公司,"大数据,开发,数据挖掘,数据分析,五险一金,餐饮补贴,绩效奖金,年终奖金"
大数据分析师（接受应届）,快速消费品(食品、饮料、化妆品),9.6-14.4万,太原,1年,大专,深圳市白牛贸易有限公司,"数据分析师,五险一金,绩效奖金,全勤奖"
大数据架构师,仪器仪表/工业自动化,28-42万,无锡,8-9年,本科,无锡先导智能装备股份有限公司,"五险一金,专业培训,出国机会,年终奖金,定期体检,免费工作餐"
大数据开发工程师,计算机软件,18-24万,南京,3-4年,本科,智器云南京信息科技有限公司,"五险一金,交通补贴,餐饮补贴,通讯补贴,绩效奖金,年终奖金,股票期权"
搜索引擎开发工程师(大数据人工智能产品)(TJ0011),计算机软件,24-30万,上海,3-4年,本科,万得信息技术股份有限公司（Wind资讯）,
大数据分析师（接受应届）,快速消费品(食品、饮料、化妆品),9.6-14.4万,临汾,1年,大专,深圳市白牛贸易有限公司,"数据分析师,五险一金,绩效奖金,全勤奖"
大数据工程师,检测，认证,9.6-12万,中山,1年,本科,广东省特种设备检测研究院中山检测院,"餐饮补贴,专业培训,免费班车"
大数据算法工程师,电子技术/半导体/集成电路,32-64万,上海,2年,硕士,上海派能能源科技股份有限公司,"计算机,hadoop,c++,spark,hive,储能,电池,储能系统,数据挖掘"
大数据开发,计算机软件,8.4-12万,重庆,3-4年,本科,亚信科技OBC,"五险一金,年终奖金,专业培训"
大数据分析师（接受应届）,快速消费品(食品、饮料、化妆品),9.6-14.4万,晋城,1年,大专,深圳市白牛贸易有限公司,"数据分析师,五险一金,绩效奖金,全勤奖"
中级研究员（云计算、大数据、人工智能等方向）,计算机软件,12-24万,苏州,无需经验,本科,苏州千机智能技术有限公司,"五险一金,节日福利,餐饮补贴,带薪年假"
大数据平台高级工程师,互联网/电子商务,24-48万,南京,3-4年,本科,字节跳动,"弹性工作,租房补贴,免费三餐,餐补,健身瑜伽,带薪休假"
大数据开发工程师,电子技术/半导体/集成电路,24-33.6万,昆山,5-7年,大专,立臻科技（昆山）有限公司,"大数据,弹性工作,年终奖金,五险一金,免费班车,餐饮补贴"
大数据分析师（接受应届）,快速消费品(食品、饮料、化妆品),9.6-14.4万,大同,1年,大专,深圳市白牛贸易有限公司,"数据分析师,机器学习,数据库,可视化,五险一金,绩效奖金,全勤奖"
大数据架构师(J10063),计算机软件,36-48万,深圳,3-4年,本科,深圳市捷顺科技实业股份有限公司,"数据分析,数据库,hadoop,hive,spark,五险一金,餐饮补贴,通讯补贴"
大数据平台高级工程师,互联网/电子商务,24-48万,北京,2年,本科,字节跳动,"六险一金,免费三餐,租房补贴,弹性工作,餐补,带薪休假,健身瑜伽"
大数据架构师,计算机软件,600-840万,深圳,5-7年,本科,深圳中泓在线股份有限公司,"spark,大数据,架构师,hadoop,五险一金,员工旅游,绩效奖金,年终奖金"
大数据分析师（接受应届）,快速消费品(食品、饮料、化妆品),9.6-14.4万,晋中,1年,大专,深圳市白牛贸易有限公司,"数据分析师,五险一金,绩效奖金,全勤奖"
大数据开发工程师,计算机软件,18-22.8万,深圳,3-4年,大专,维恩贝特科技有限公司,"大数据开发,五险一金,绩效奖金,节日福利,交通补贴"
大数据研发工程师-ROI方向,互联网/电子商务,36-72万,北京,无需经验,本科,字节跳动,"下午茶,健身瑜伽,六险一金,五险一金,股票期权,团队氛围好,晋升空间大"
自动驾驶大数据开发工程师,计算机软件,32-64万,苏州,3-4年,本科,九识（苏州）智能科技有限公司,"16薪,五险一金,员工旅游,餐饮补贴,住房补贴,绩效奖金,年终奖金"
大数据分析师（接受应届）,快速消费品(食品、饮料、化妆品),9.6-14.4万,长治,1年,大专,深圳市白牛贸易有限公司,"数据分析师,五险一金,绩效奖金,全勤奖"
拔尖计划-大数据资深产品专家,通信/电信/网络设备,48-96万,深圳,8-9年,硕士,中移物联网有限公司,"五险一金,餐饮补贴,通讯补贴,年终奖金"
大数据平台高级工程师,互联网/电子商务,42-84万,上海,3-4年,本科,字节跳动,"免费三餐,租房补贴,六险一金,弹性工作,带薪休假,健身瑜伽,餐补"
Hadoop大数据工程师,服装/纺织/皮革,12-18万,东莞,3-4年,本科,澳思智能工业有限公司,五险一金
大数据分析师,快速消费品(食品、饮料、化妆品),9.6-14.4万,邢台,1年,大专,深圳市白牛贸易有限公司,"SPSS,R,数据分析,五险一金,绩效奖金,员工旅游,周末双休"
拔尖计划-大数据资深产品专家,通信/电信/网络设备,48-96万,深圳,8-9年,硕士,中移物联网有限公司,"五险一金,餐饮补贴,通讯补贴,年终奖金"
大数据技术架构师,计算机软件,39-52万,成都,5-7年,本科,四川虹信软件股份有限公司,"五险一金,年终奖金,通讯补贴,定期体检,节日福利,带薪年假,补充医疗保险"
大数据开发工程师,计算机软件,19.5-23.4万,深圳,3-4年,本科,深圳市强薯云网络科技有限公司,"hadoop,数据库,hive,spark,sql,五险一金,定期体检,年终奖金"
大数据分析师,快速消费品(食品、饮料、化妆品),9.6-14.4万,运城,1年,大专,深圳市白牛贸易有限公司,"SPSS,R,数据分析,五险一金,绩效奖金,员工旅游,周末双休"
大数据挖掘与分析工程师,物业管理/商业中心,18-36万,广州,5-7年,本科,顺丰速运有限公司,"数据挖掘,sql,数据分析,python/r,uat,数据解决方案,大数据分析"
大数据ETL助理工程师,计算机服务(系统、数据服务、维修),54-7.2万,石家庄,无需经验,大专,河北晨华信息科技有限公司,"软件开发、,大数据,餐饮补贴,交通补贴,五险一金"
大数据架构师,多元化业务集团公司,15.6-30万,佛山,3-4年,本科,广东众盛共创科技有限公司,"专业培训,年终奖金,绩效奖金,社会保险,住房补贴,交通补贴,通讯补贴"
大数据分析师,快速消费品(食品、饮料、化妆品),9.6-14.4万,忻州,1年,大专,深圳市白牛贸易有限公司,"SPSS,R,数据分析,五险一金,绩效奖金,员工旅游,周末双休"
大数据开发工程师,计算机软件,9.6-14.4万,上海,3-4年,本科,上海鹏越惊虹信息技术发展有限公司,"五险一金,通讯补贴,绩效奖金,年终奖金"
大数据ETL助理工程师,计算机服务(系统、数据服务、维修),54-7.2万,石家庄,无需经验,大专,河北晨华信息科技有限公司,"软件开发、,大数据,餐饮补贴,交通补贴,五险一金"
大数据架构师,多元化业务集团公司,15.6-30万,佛山,3-4年,本科,广东众盛共创科技有限公司,"专业培训,年终奖金,绩效奖金,社会保险,住房补贴,交通补贴,通讯补贴"
大数据分析师,快速消费品(食品、饮料、化妆品),9.6-14.4万,张家口,1年,大专,深圳市白牛贸易有限公司,"SPSS,R,数据分析,五险一金,绩效奖金,员工旅游,周末双休"
大数据测试开发,计算机软件,21.6-25.2万,上海,3-4年,本科,神州数码信息服务股份有限公司,"五险一金,专业培训,绩效奖金,定期体检"
高级数仓/大数据工程师,,35-49万,上海,8-9年,本科,NTT DATA（中国）有限公司上海分公司,"hive,Hbase,Dataphin,五险一金,补充医疗保险,年终奖金,弹性工作"
大数据架构师,多元化业务集团公司,15.6-30万,佛山,3-4年,本科,广东众盛共创科技有限公司,"专业培训,年终奖金,绩效奖金,社会保险,住房补贴,交通补贴,通讯补贴"
大数据分析师,快速消费品(食品、饮料、化妆品),9.6-14.4万,天津,1年,大专,深圳市白牛贸易有限公司,"SPSS,R,数据分析,五险一金,绩效奖金,员工旅游,周末双休"
数据治理与大数据分析顾问,专业服务(咨询、人力资源、财会),18-24万,北京,3-4年,本科,北京信永方略管理咨询有限责任公司,"数据治理,数据中台,大数据分析,数据管理,数据平台,数据提取,hadoop"
大数据开发（会编程语言+双休+线上面）,通信/电信运营、增值服务,14.4-15.6万,广州,2年,本科,深圳市法本信息技术股份有限公司,"python,hive,大数据开发,hql,五险一金,通讯补贴,交通补贴,年终奖金"
大数据引擎 专家/架构师/负责人,互联网/电子商务,72-108万,杭州,5-7年,本科,字节跳动,"下午茶,健身瑜伽,五险一金,股票期权,团队氛围好,晋升空间大,带薪休假"
大数据分析师,快速消费品(食品、饮料、化妆品),9.6-14.4万,天津,1年,大专,深圳市白牛贸易有限公司,"SPSS,R,数据分析,五险一金,绩效奖金,员工旅游,周末双休"
大数据架构师,计算机软件,600-840万,深圳,8-9年,本科,深圳中泓在线股份有限公司,"spark,大数据,架构师,hadoop,五险一金,员工旅游,绩效奖金,年终奖金"
大数据算法工程师,计算机软件,7.2-14.4万,哈尔滨,1年,本科,哈尔滨能创数字科技有限公司,"大数据分析,hive,matlab,计算机,软件,贝叶斯,五险一金,年终奖金"
数据处理工程师（大数据方向）,通信/电信/网络设备,12-18万,成都,5-7年,本科,成都大公博创信息技术有限公司,"五险一金,交通补贴,餐饮补贴,通讯补贴,年终奖金,周末双休,带薪年假"
大数据分析师,快速消费品(食品、饮料、化妆品),9.6-14.4万,天津,1年,大专,深圳市白牛贸易有限公司,"SPSS,R,数据分析,五险一金,绩效奖金,员工旅游,周末双休"
大数据技术经理,计算机软件,14.4-20.4万,重庆,5-7年,本科,亚信科技OBC,"数据分析,hadoop,建模,spark,五险一金,年终奖金,专业培训"
大数据研发工程师,计算机软件,9.6-15.6万,镇江,2年,本科,江苏斯诺物联科技有限公司,"五险一金,餐饮补贴,定期体检"
总行数据资产管理部-大数据技术经理岗,银行,nan-nan万,北京,3-4年,本科,中国光大银行总行,
大数据分析师,快速消费品(食品、饮料、化妆品),9.6-14.4万,天津,1年,大专,深圳市白牛贸易有限公司,"SPSS,R,数据分析,五险一金,绩效奖金,员工旅游,周末双休"
大数据开发工程师（五险一金+双休）软件开发工程师,计算机服务(系统、数据服务、维修),9.6-12万,昆明,3-4年,本科,云南联横利众科技有限公司,"大数据,云计算,五险一金,员工旅游,交通补贴,餐饮补贴,通讯补贴"
大数据分析顾问,计算机软件,9.6-14.4万,深圳,无需经验,本科,贵州省创敢科技有限责任公司,"app,五险一金,年终奖金,餐饮补贴,员工旅游"
大数据开发工程师,外包服务,19.2-21.6万,北京,3-4年,本科,京北方信息技术股份有限公司,
大数据分析师,快速消费品(食品、饮料、化妆品),9.6-14.4万,临汾,1年,大专,深圳市白牛贸易有限公司,"SPSS,R,数据分析,五险一金,绩效奖金,员工旅游,周末双休"
大数据开发工程师助理,计算机软件,9.6-14.4万,深圳,无需经验,本科,贵州开阔科技有限公司,"python,五险一金,年终奖金,定期体检"
大数据架构师,通信/电信/网络设备,18-30万,广州,5-7年,大专,珠海世纪鼎利科技股份有限公司,"数据分析,大数据,数据建模,数据开发,技术架构,项目交付,大数据架构"
大数据架构师,互联网/电子商务,36-60万,南京,8-9年,本科,中储南京智慧物流科技有限公司,"五险一金,餐饮补贴,通讯补贴,专业培训,绩效奖金,定期体检,节日福利"
大数据分析师,快速消费品(食品、饮料、化妆品),9.6-14.4万,唐山,1年,大专,深圳市白牛贸易有限公司,"SPSS,R,数据分析,五险一金,绩效奖金,员工旅游,周末双休"
大数据开发工程师,计算机软件,12-18万,南昌,3-4年,本科,港融科技有限公司,"hadoop,hive,spark,scala,机器学习,数据挖掘,数据建模,数据平台"
大数据运维开发工程师,计算机软件,21.6-27.6万,深圳,5-7年,本科,神州数码信息服务股份有限公司,"大数据,运维,linux,部署,安装部署,hive,spark,shell,五险一金"
大数据开发带薪实习,互联网/电子商务,84-10.8万,青岛,无需经验,高中,青岛资博互动信息技术有限公司,"五险一金,周末双休,早九晚六,补充公积金,员工旅游,绩效奖金,年终奖金"
大数据分析师,快速消费品(食品、饮料、化妆品),9.6-14.4万,太原,1年,大专,深圳市白牛贸易有限公司,"SPSS,R,数据分析,五险一金,绩效奖金,员工旅游,周末双休"
大数据采集工程师,计算机软件,9.6-14.4万,深圳,2年,本科,深圳得理科技有限公司,"mysql数据库,数据清洗,爬虫,爬虫框架,信息抓取,抓包分析,python"
大数据分析,石油/化工/矿产/地质,10.8-14.4万,株洲,3-4年,本科,新奥（中国）燃气投资有限公司,"数据分析,数据,数据洞察,可视化工具,分析工具,客户分析报告,统计学"
大数据开发工程师,计算机服务(系统、数据服务、维修),14.4-16.8万,广州,3-4年,本科,德科信息有限公司,"年终奖金,六险一金,节假日礼品,生日礼品"
大数据分析师,快速消费品(食品、饮料、化妆品),9.6-14.4万,朔州,1年,大专,深圳市白牛贸易有限公司,"SPSS,R,数据分析,五险一金,绩效奖金,员工旅游,周末双休"
大数据开发工程师,计算机软件,13-26万,广州,3-4年,本科,广东胜通和科技服务有限公司上海第一分公司,五险一金
